trial_index,measured_for_timing,completion_index,class,n_tokens_generated,generated_token_hash,ttft_ms,total_ms,total_minus_ttft_ms,tokens_per_second,status
0,False,0,short,8,0x0619d4d1900c2365,52.856000,144.629000,91.773000,55.313941,ok
0,False,1,short,16,0x833045f1e2ebf49f,209.481000,475.505000,266.024000,33.648437,ok
0,False,2,short,8,0x0619d4d1900c2365,527.376000,625.890000,98.514000,12.781799,ok
0,False,3,long,64,0x7efcc69b4edadb70,52.868000,1096.672000,1043.804000,58.358379,ok
0,False,4,short,16,0x833045f1e2ebf49f,673.976000,906.350000,232.374000,17.653224,ok
0,False,5,short,8,0x0619d4d1900c2365,807.952000,930.945000,122.993000,8.593419,ok
0,False,6,long,64,0x7efcc69b4edadb70,532.967000,1586.318000,1053.351000,40.345000,ok
0,False,7,short,8,0x0619d4d1900c2365,403.057000,527.407000,124.350000,15.168551,ok
0,False,8,short,16,0x833045f1e2ebf49f,403.554000,694.069000,290.515000,23.052463,ok
0,False,9,short,8,0x0619d4d1900c2365,574.106000,699.039000,124.933000,11.444283,ok
0,False,10,long,64,0x7efcc69b4edadb70,513.805000,1594.298000,1080.493000,40.143060,ok
0,False,11,medium,32,0x6794e47fe0f84af1,574.351000,1020.799000,446.448000,31.347993,ok
1,True,0,short,8,0x0619d4d1900c2365,52.552000,144.766000,92.214000,55.261595,ok
1,True,1,short,16,0x833045f1e2ebf49f,195.399000,461.679000,266.280000,34.656114,ok
1,True,2,short,8,0x0619d4d1900c2365,513.919000,639.017000,125.098000,12.519229,ok
1,True,3,long,64,0x7efcc69b4edadb70,52.570000,1107.118000,1054.548000,57.807749,ok
1,True,4,short,16,0x833045f1e2ebf49f,698.547000,923.348000,224.801000,17.328245,ok
1,True,5,short,8,0x0619d4d1900c2365,798.991000,922.997000,124.006000,8.667417,ok
1,True,6,long,64,0x7efcc69b4edadb70,546.663000,1608.976000,1062.313000,39.776852,ok
1,True,7,short,8,0x0619d4d1900c2365,422.749000,546.611000,123.862000,14.635637,ok
1,True,8,short,16,0x833045f1e2ebf49f,423.097000,690.048000,266.951000,23.186793,ok
1,True,9,short,8,0x0619d4d1900c2365,553.474000,678.298000,124.824000,11.794226,ok
1,True,10,long,64,0x7efcc69b4edadb70,509.028000,1567.518000,1058.490000,40.828877,ok
1,True,11,medium,32,0x6794e47fe0f84af1,554.369000,1002.426000,448.057000,31.922556,ok
2,True,0,short,8,0x0619d4d1900c2365,55.974000,149.273000,93.299000,53.593081,ok
2,True,1,short,16,0x833045f1e2ebf49f,199.712000,465.084000,265.372000,34.402388,ok
2,True,2,short,8,0x0619d4d1900c2365,517.099000,642.949000,125.850000,12.442667,ok
2,True,3,long,64,0x7efcc69b4edadb70,55.986000,1094.389000,1038.403000,58.480120,ok
2,True,4,short,16,0x833045f1e2ebf49f,682.187000,948.470000,266.283000,16.869274,ok
2,True,5,short,8,0x0619d4d1900c2365,823.933000,946.747000,122.814000,8.449987,ok
2,True,6,long,64,0x7efcc69b4edadb70,545.527000,1611.582000,1066.055000,39.712531,ok
2,True,7,short,8,0x0619d4d1900c2365,400.376000,522.107000,121.731000,15.322530,ok
2,True,8,short,16,0x833045f1e2ebf49f,401.857000,668.904000,267.047000,23.919725,ok
2,True,9,short,8,0x0619d4d1900c2365,551.100000,674.053000,122.953000,11.868503,ok
2,True,10,long,64,0x7efcc69b4edadb70,552.651000,1607.465000,1054.814000,39.814242,ok
2,True,11,medium,32,0x6794e47fe0f84af1,554.677000,1002.309000,447.632000,31.926282,ok
3,True,0,short,8,0x0619d4d1900c2365,76.652000,173.000000,96.348000,46.242775,ok
3,True,1,short,16,0x833045f1e2ebf49f,224.355000,490.907000,266.552000,32.592731,ok
3,True,2,short,8,0x0619d4d1900c2365,543.944000,668.545000,124.601000,11.966285,ok
3,True,3,long,64,0x7efcc69b4edadb70,76.668000,1103.633000,1026.965000,57.990292,ok
3,True,4,short,16,0x833045f1e2ebf49f,666.420000,931.198000,264.778000,17.182167,ok
3,True,5,short,8,0x0619d4d1900c2365,808.733000,935.202000,126.469000,8.554302,ok
3,True,6,long,64,0x7efcc69b4edadb70,549.141000,1617.120000,1067.979000,39.576531,ok
3,True,7,short,8,0x0619d4d1900c2365,421.672000,545.738000,124.066000,14.659049,ok
3,True,8,short,16,0x833045f1e2ebf49f,420.129000,654.615000,234.486000,24.441847,ok
3,True,9,short,8,0x0619d4d1900c2365,524.983000,649.812000,124.829000,12.311253,ok
3,True,10,long,64,0x7efcc69b4edadb70,555.508000,1597.006000,1041.498000,40.074990,ok
3,True,11,medium,32,0x6794e47fe0f84af1,525.301000,976.635000,451.334000,32.765567,ok
4,True,0,short,8,0x0619d4d1900c2365,53.447000,153.676000,100.229000,52.057576,ok
4,True,1,short,16,0x833045f1e2ebf49f,204.875000,437.865000,232.990000,36.540943,ok
4,True,2,short,8,0x0619d4d1900c2365,490.846000,615.248000,124.402000,13.002887,ok
4,True,3,long,64,0x7efcc69b4edadb70,53.452000,1034.918000,981.466000,61.840648,ok
4,True,4,short,16,0x833045f1e2ebf49f,650.248000,913.237000,262.989000,17.520096,ok
4,True,5,short,8,0x0619d4d1900c2365,788.986000,903.966000,114.980000,8.849890,ok
4,True,6,long,64,0x7efcc69b4edadb70,513.420000,1552.828000,1039.408000,41.215125,ok
4,True,7,short,8,0x0619d4d1900c2365,408.444000,527.973000,119.529000,15.152290,ok
4,True,8,short,16,0x833045f1e2ebf49f,414.290000,675.307000,261.017000,23.692928,ok
4,True,9,short,8,0x0619d4d1900c2365,542.635000,666.824000,124.189000,11.997169,ok
4,True,10,long,64,0x7efcc69b4edadb70,557.482000,1601.856000,1044.374000,39.953654,ok
4,True,11,medium,32,0x6794e47fe0f84af1,548.697000,1015.114000,466.417000,31.523553,ok
5,True,0,short,8,0x0619d4d1900c2365,54.685000,177.856000,123.171000,44.980209,ok
5,True,1,short,16,0x833045f1e2ebf49f,226.598000,443.517000,216.919000,36.075280,ok
5,True,2,short,8,0x0619d4d1900c2365,493.609000,615.914000,122.305000,12.988826,ok
5,True,3,long,64,0x7efcc69b4edadb70,52.687000,1002.760000,950.073000,63.823846,ok
5,True,4,short,16,0x833045f1e2ebf49f,609.081000,875.233000,266.152000,18.280846,ok
5,True,5,short,8,0x0619d4d1900c2365,753.636000,876.079000,122.443000,9.131597,ok
5,True,6,long,64,0x7efcc69b4edadb70,487.155000,1466.997000,979.842000,43.626538,ok
5,True,7,short,8,0x0619d4d1900c2365,376.816000,500.634000,123.818000,15.979738,ok
5,True,8,short,16,0x833045f1e2ebf49f,378.454000,642.448000,263.994000,24.904739,ok
5,True,9,short,8,0x0619d4d1900c2365,541.195000,643.476000,102.281000,12.432476,ok
5,True,10,long,64,0x7efcc69b4edadb70,540.552000,1556.190000,1015.638000,41.126084,ok
5,True,11,medium,32,0x6794e47fe0f84af1,520.505000,966.156000,445.651000,33.120945,ok
6,True,0,short,8,0x0619d4d1900c2365,95.282000,188.944000,93.662000,42.340588,ok
6,True,1,short,16,0x833045f1e2ebf49f,239.599000,503.111000,263.512000,31.802127,ok
6,True,2,short,8,0x0619d4d1900c2365,554.351000,679.057000,124.706000,11.781043,ok
6,True,3,long,64,0x7efcc69b4edadb70,95.306000,1175.574000,1080.268000,54.441490,ok
6,True,4,short,16,0x833045f1e2ebf49f,726.434000,997.632000,271.198000,16.037978,ok
6,True,5,short,8,0x0619d4d1900c2365,873.832000,998.048000,124.216000,8.015647,ok
6,True,6,long,64,0x7efcc69b4edadb70,572.861000,1646.189000,1073.328000,38.877674,ok
6,True,7,short,8,0x0619d4d1900c2365,387.940000,512.637000,124.697000,15.605584,ok
6,True,8,short,16,0x833045f1e2ebf49f,388.480000,654.981000,266.501000,24.428190,ok
6,True,9,short,8,0x0619d4d1900c2365,550.357000,672.633000,122.276000,11.893559,ok
6,True,10,long,64,0x7efcc69b4edadb70,554.180000,1640.767000,1086.587000,39.006148,ok
6,True,11,medium,32,0x6794e47fe0f84af1,547.038000,1090.536000,543.498000,29.343369,ok
7,True,0,short,8,0x0619d4d1900c2365,52.325000,144.715000,92.390000,55.281070,ok
7,True,1,short,16,0x833045f1e2ebf49f,195.296000,460.140000,264.844000,34.772026,ok
7,True,2,short,8,0x0619d4d1900c2365,513.481000,656.510000,143.029000,12.185648,ok
7,True,3,long,64,0x7efcc69b4edadb70,52.336000,1110.595000,1058.259000,57.626768,ok
7,True,4,short,16,0x833045f1e2ebf49f,703.447000,937.079000,233.632000,17.074334,ok
7,True,5,short,8,0x0619d4d1900c2365,795.540000,919.062000,123.522000,8.704527,ok
7,True,6,long,64,0x7efcc69b4edadb70,563.446000,1623.189000,1059.743000,39.428557,ok
7,True,7,short,8,0x0619d4d1900c2365,424.066000,534.902000,110.836000,14.956011,ok
7,True,8,short,16,0x833045f1e2ebf49f,412.007000,661.730000,249.723000,24.179046,ok
7,True,9,short,8,0x0619d4d1900c2365,523.323000,647.861000,124.538000,12.348328,ok
7,True,10,long,64,0x7efcc69b4edadb70,519.339000,1549.868000,1030.529000,41.293839,ok
7,True,11,medium,32,0x6794e47fe0f84af1,536.643000,976.180000,439.537000,32.780840,ok
8,True,0,short,8,0x0619d4d1900c2365,52.649000,146.676000,94.027000,54.541984,ok
8,True,1,short,16,0x833045f1e2ebf49f,196.687000,464.037000,267.350000,34.480009,ok
8,True,2,short,8,0x0619d4d1900c2365,516.387000,639.229000,122.842000,12.515077,ok
8,True,3,long,64,0x7efcc69b4edadb70,52.659000,1088.620000,1035.961000,58.790028,ok
8,True,4,short,16,0x833045f1e2ebf49f,677.024000,944.965000,267.941000,16.931844,ok
8,True,5,short,8,0x0619d4d1900c2365,824.186000,947.339000,123.153000,8.444707,ok
8,True,6,long,64,0x7efcc69b4edadb70,545.207000,1620.175000,1074.968000,39.501906,ok
8,True,7,short,8,0x0619d4d1900c2365,409.945000,510.205000,100.260000,15.679972,ok
8,True,8,short,16,0x833045f1e2ebf49f,388.116000,642.186000,254.070000,24.914900,ok
8,True,9,short,8,0x0619d4d1900c2365,516.701000,641.527000,124.826000,12.470247,ok
8,True,10,long,64,0x7efcc69b4edadb70,551.950000,1578.848000,1026.898000,40.535884,ok
8,True,11,medium,32,0x6794e47fe0f84af1,541.198000,989.825000,448.627000,32.328947,ok
9,True,0,short,8,0x0619d4d1900c2365,52.281000,144.140000,91.859000,55.501596,ok
9,True,1,short,16,0x833045f1e2ebf49f,195.523000,462.084000,266.561000,34.625739,ok
9,True,2,short,8,0x0619d4d1900c2365,514.639000,638.548000,123.909000,12.528424,ok
9,True,3,long,64,0x7efcc69b4edadb70,52.288000,1037.948000,985.660000,61.660122,ok
9,True,4,short,16,0x833045f1e2ebf49f,629.300000,894.163000,264.863000,17.893829,ok
9,True,5,short,8,0x0619d4d1900c2365,771.187000,895.236000,124.049000,8.936191,ok
9,True,6,long,64,0x7efcc69b4edadb70,547.243000,1548.806000,1001.563000,41.322154,ok
9,True,7,short,8,0x0619d4d1900c2365,389.045000,514.403000,125.358000,15.552009,ok
9,True,8,short,16,0x833045f1e2ebf49f,390.874000,658.912000,268.038000,24.282453,ok
9,True,9,short,8,0x0619d4d1900c2365,556.054000,680.831000,124.777000,11.750346,ok
9,True,10,long,64,0x7efcc69b4edadb70,548.620000,1597.438000,1048.818000,40.064153,ok
9,True,11,medium,32,0x6794e47fe0f84af1,556.489000,1001.129000,444.640000,31.963913,ok
10,True,0,short,8,0x0619d4d1900c2365,71.385000,185.431000,114.046000,43.142732,ok
10,True,1,short,16,0x833045f1e2ebf49f,271.010000,563.119000,292.109000,28.413177,ok
10,True,2,short,8,0x0619d4d1900c2365,617.223000,731.972000,114.749000,10.929380,ok
10,True,3,long,64,0x7efcc69b4edadb70,71.402000,1203.343000,1131.941000,53.185168,ok
10,True,4,short,16,0x833045f1e2ebf49f,692.511000,1112.475000,419.964000,14.382346,ok
10,True,5,short,8,0x0619d4d1900c2365,1003.462000,1131.185000,127.723000,7.072230,ok
10,True,6,long,64,0x7efcc69b4edadb70,598.190000,1898.837000,1300.647000,33.704841,ok
10,True,7,short,8,0x0619d4d1900c2365,464.377000,590.442000,126.065000,13.549172,ok
10,True,8,short,16,0x833045f1e2ebf49f,457.979000,722.652000,264.673000,22.140671,ok
10,True,9,short,8,0x0619d4d1900c2365,555.622000,665.030000,109.408000,12.029533,ok
10,True,10,long,64,0x7efcc69b4edadb70,730.857000,1804.764000,1073.907000,35.461700,ok
10,True,11,medium,32,0x6794e47fe0f84af1,535.692000,982.271000,446.579000,32.577568,ok
